,mutation_count,barcode_count
,,0
773,"['L', 'N', 'V']",9961
135,"['A', 'S', 'S']",3074
126,"['A', 'S', 'C']",2449
42,"['A', 'G', 'S']",2323
134,"['A', 'S', 'R']",2283
19,"['A', 'C', 'S']",2043
128,"['A', 'S', 'G']",2040
120,"['A', 'R', 'S']",1835
35,"['A', 'G', 'C']",1572
15,"['A', 'C', 'C']",1571
807,"['L', 'S', 'S']",1560
111,"['A', 'R', 'C']",1503
41,"['A', 'G', 'R']",1485
18,"['A', 'C', 'R']",1315
37,"['A', 'G', 'G']",1306
125,"['A', 'S', 'A']",1304
16,"['A', 'C', 'G']",1300
149,"['A', 'T', 'S']",1224
136,"['A', 'S', 'T']",1212
11,"['A', 'A', 'S']",1204
806,"['L', 'S', 'R']",1163
133,"['A', 'S', 'P']",1147
119,"['A', 'R', 'R']",1113
800,"['L', 'S', 'C']",1111
97,"['A', 'P', 'S']",1106
113,"['A', 'R', 'G']",1092
748,"['L', 'G', 'S']",1074
20,"['A', 'C', 'T']",996
803,"['L', 'S', 'G']",993
735,"['L', 'C', 'S']",970
1260,"['S', 'S', 'S']",952
141,"['A', 'T', 'C']",928
34,"['A', 'G', 'A']",923
148,"['A', 'T', 'R']",917
43,"['A', 'G', 'T']",910
797,"['L', 'R', 'S']",909
121,"['A', 'R', 'T']",872
10,"['A', 'A', 'R']",867
1,"['A', 'A', 'C']",839
507,"['G', 'S', 'S']",833
3,"['A', 'A', 'G']",792
110,"['A', 'R', 'A']",790
734,"['L', 'C', 'R']",788
40,"['A', 'G', 'P']",770
1439,"['V', 'S', 'S']",769
96,"['A', 'P', 'R']",756
741,"['L', 'G', 'C']",746
744,"['L', 'G', 'G']",746
91,"['A', 'P', 'G']",742
14,"['A', 'C', 'A']",734
747,"['L', 'G', 'R']",732
143,"['A', 'T', 'G']",728
117,"['A', 'R', 'P']",724
731,"['L', 'C', 'G']",718
1259,"['S', 'S', 'R']",716
789,"['L', 'R', 'C']",710
1253,"['S', 'S', 'C']",690
730,"['L', 'C', 'C']",682
1438,"['V', 'S', 'R']",681
1210,"['S', 'G', 'S']",675
808,"['L', 'S', 'T']",668
1347,"['T', 'S', 'S']",662
822,"['L', 'T', 'S']",623
1434,"['V', 'S', 'C']",620
726,"['L', 'A', 'S']",615
89,"['A', 'P', 'C']",610
799,"['L', 'S', 'A']",607
17,"['A', 'C', 'P']",590
1249,"['S', 'R', 'S']",573
783,"['L', 'P', 'S']",568
1194,"['S', 'C', 'S']",566
1015,"['P', 'S', 'S']",563
1436,"['V', 'S', 'G']",563
791,"['L', 'R', 'G']",560
140,"['A', 'T', 'A']",548
12,"['A', 'A', 'T']",546
501,"['G', 'S', 'C']",538
1160,"['R', 'S', 'S']",531
1393,"['V', 'G', 'S']",523
150,"['A', 'T', 'T']",520
1431,"['V', 'R', 'S']",518
506,"['G', 'S', 'R']",507
468,"['G', 'G', 'S']",504
1346,"['T', 'S', 'R']",502
1254,"['S', 'S', 'G']",496
0,"['A', 'A', 'A']",485
1378,"['V', 'C', 'S']",485
796,"['L', 'R', 'R']",479
1189,"['S', 'C', 'C']",473
496,"['G', 'R', 'S']",472
813,"['L', 'T', 'C']",472
453,"['G', 'C', 'S']",471
798,"['L', 'R', 'T']",466
1308,"['T', 'G', 'S']",466
1185,"['S', 'A', 'S']",460
817,"['L', 'T', 'G']",457
1156,"['R', 'S', 'C']",457
805,"['L', 'S', 'P']",456
1203,"['S', 'G', 'C']",456
8,"['A', 'A', 'P']",454
1014,"['P', 'S', 'R']",448
1240,"['S', 'R', 'C']",447
1386,"['V', 'G', 'C']",442
146,"['A', 'T', 'P']",428
1007,"['P', 'R', 'S']",424
721,"['L', 'A', 'C']",417
95,"['A', 'P', 'P']",415
749,"['L', 'G', 'T']",413
1295,"['T', 'C', 'S']",411
985,"['P', 'G', 'S']",410
88,"['A', 'P', 'A']",403
740,"['L', 'G', 'A']",400
729,"['L', 'C', 'A']",399
746,"['L', 'G', 'P']",398
725,"['L', 'A', 'R']",396
448,"['G', 'C', 'C']",395
502,"['G', 'S', 'G']",390
467,"['G', 'G', 'R']",386
1342,"['T', 'S', 'C']",386
723,"['L', 'A', 'G']",385
821,"['L', 'T', 'R']",384
1193,"['S', 'C', 'R']",384
788,"['L', 'R', 'A']",381
1270,"['S', 'T', 'S']",378
1248,"['S', 'R', 'R']",377
1373,"['V', 'C', 'C']",377
463,"['G', 'G', 'C']",376
1190,"['S', 'C', 'G']",374
736,"['L', 'C', 'T']",370
1205,"['S', 'G', 'G']",370
1338,"['T', 'R', 'S']",370
1425,"['V', 'R', 'C']",370
356,"['E', 'S', 'S']",367
1010,"['P', 'S', 'C']",366
1258,"['S', 'S', 'P']",364
452,"['G', 'C', 'R']",360
1209,"['S', 'G', 'R']",359
1377,"['V', 'C', 'R']",354
1392,"['V', 'G', 'R']",354
1252,"['S', 'S', 'A']",353
425,"['F', 'S', 'S']",350
1127,"['R', 'G', 'S']",350
973,"['P', 'C', 'S']",348
1243,"['S', 'R', 'G']",343
1388,"['V', 'G', 'G']",343
890,"['M', 'S', 'S']",342
1331,"['T', 'R', 'C']",341
1433,"['V', 'S', 'A']",341
779,"['L', 'P', 'G']",340
1370,"['V', 'A', 'S']",340
1012,"['P', 'S', 'G']",337
98,"['A', 'P', 'T']",336
1440,"['V', 'S', 'T']",334
1374,"['V', 'C', 'G']",330
1086,"['Q', 'S', 'S']",329
449,"['G', 'C', 'G']",321
1343,"['T', 'S', 'G']",320
508,"['G', 'S', 'T']",316
1116,"['R', 'C', 'S']",316
1448,"['V', 'T', 'S']",316
795,"['L', 'R', 'P']",312
495,"['G', 'R', 'R']",311
1307,"['T', 'G', 'R']",310
1261,"['S', 'S', 'T']",309
1385,"['V', 'G', 'A']",308
812,"['L', 'T', 'A']",307
1511,"['W', 'S', 'S']",304
504,"['G', 'S', 'P']",301
727,"['L', 'A', 'T']",301
981,"['P', 'G', 'G']",301
1232,"['S', 'P', 'S']",301
1302,"['T', 'G', 'C']",301
500,"['G', 'S', 'A']",300
445,"['G', 'A', 'S']",296
889,"['M', 'S', 'R']",292
230,"['C', 'S', 'S']",291
464,"['G', 'G', 'G']",291
979,"['P', 'G', 'C']",291
884,"['M', 'S', 'C']",290
1188,"['S', 'C', 'A']",290
355,"['E', 'S', 'R']",286
490,"['G', 'R', 'C']",286
1291,"['T', 'C', 'C']",286
782,"['L', 'P', 'R']",285
516,"['G', 'T', 'S']",284
1484,"['W', 'G', 'S']",284
1269,"['S', 'T', 'R']",283
1112,"['R', 'C', 'C']",281
1208,"['S', 'G', 'P']",281
732,"['L', 'C', 'P']",279
1437,"['V', 'S', 'P']",277
350,"['E', 'S', 'C']",273
1341,"['T', 'S', 'A']",273
776,"['L', 'P', 'C']",272
972,"['P', 'C', 'R']",272
651,"['I', 'S', 'S']",271
984,"['P', 'G', 'R']",271
1426,"['V', 'R', 'G']",271
1123,"['R', 'G', 'C']",270
1023,"['P', 'T', 'S']",269
352,"['E', 'S', 'G']",267
781,"['L', 'P', 'P']",266
491,"['G', 'R', 'G']",265
966,"['P', 'A', 'S']",265
1184,"['S', 'A', 'R']",263
1507,"['W', 'S', 'C']",263
1294,"['T', 'C', 'R']",262
392,"['F', 'G', 'S']",260
1202,"['S', 'G', 'A']",259
856,"['M', 'G', 'S']",258
1157,"['R', 'S', 'G']",258
1355,"['T', 'T', 'S']",257
485,"['G', 'P', 'S']",256
1159,"['R', 'S', 'R']",256
444,"['G', 'A', 'R']",255
1337,"['T', 'R', 'R']",254
1430,"['V', 'R', 'R']",254
1303,"['T', 'G', 'G']",253
1447,"['V', 'T', 'R']",252
1573,"['Y', 'S', 'S']",251
1265,"['S', 'T', 'G']",250
1364,"['V', 'A', 'C']",250
1016,"['P', 'S', 'T']",247
1081,"['Q', 'S', 'C']",245
823,"['L', 'T', 'T']",243
1292,"['T', 'C', 'G']",241
421,"['F', 'S', 'C']",238
583,"['H', 'S', 'S']",237
1333,"['T', 'R', 'G']",237
1348,"['T', 'S', 'T']",237
1264,"['S', 'T', 'C']",236
1288,"['T', 'A', 'S']",236
708,"['K', 'S', 'S']",234
1108,"['R', 'A', 'S']",233
1152,"['R', 'R', 'S']",233
1211,"['S', 'G', 'T']",232
439,"['G', 'A', 'C']",231
1006,"['P', 'R', 'R']",231
720,"['L', 'A', 'A']",230
880,"['M', 'R', 'S']",229
1181,"['S', 'A', 'C']",229
1443,"['V', 'T', 'C']",228
469,"['G', 'G', 'T']",226
1000,"['P', 'P', 'S']",224
1004,"['P', 'R', 'G']",224
1510,"['W', 'S', 'R']",223
1192,"['S', 'C', 'P']",222
1041,"['Q', 'C', 'S']",221
1229,"['S', 'P', 'G']",220
1326,"['T', 'P', 'S']",220
384,"['F', 'C', 'S']",219
347,"['E', 'R', 'S']",218
1013,"['P', 'S', 'P']",218
1085,"['Q', 'S', 'R']",218
1155,"['R', 'S', 'A']",218
1394,"['V', 'G', 'T']",218
1421,"['V', 'P', 'S']",218
325,"['E', 'G', 'S']",215
1228,"['S', 'P', 'C']",214
465,"['G', 'G', 'P']",213
1161,"['R', 'S', 'T']",213
1246,"['S', 'R', 'P']",213
510,"['G', 'T', 'C']",212
704,"['K', 'S', 'C']",212
1250,"['S', 'R', 'T']",212
454,"['G', 'C', 'T']",211
1195,"['S', 'C', 'T']",211
1282,"['T', 'A', 'C']",211
422,"['F', 'S', 'G']",209
515,"['G', 'T', 'R']",208
949,"['N', 'S', 'S']",208
1009,"['P', 'S', 'A']",208
1239,"['S', 'R', 'A']",208
845,"['M', 'C', 'S']",206
1508,"['W', 'S', 'G']",206
389,"['F', 'G', 'G']",205
1369,"['V', 'A', 'R']",205
315,"['E', 'C', 'S']",204
844,"['M', 'C', 'R']",204
650,"['I', 'S', 'R']",201
286,"['D', 'S', 'R']",199
1350,"['T', 'T', 'C']",199
462,"['G', 'G', 'A']",198
493,"['G', 'R', 'P']",198
1182,"['S', 'A', 'G']",198
784,"['L', 'P', 'T']",197
1231,"['S', 'P', 'R']",197
1473,"['W', 'C', 'S']",197
1078,"['Q', 'R', 'S']",196
970,"['P', 'C', 'G']",195
1444,"['V', 'T', 'G']",195
724,"['L', 'A', 'P']",193
1345,"['T', 'S', 'P']",193
605,"['I', 'C', 'S']",192
1083,"['Q', 'S', 'G']",192
1432,"['V', 'R', 'T']",192
321,"['E', 'G', 'C']",191
424,"['F', 'S', 'R']",191
1285,"['T', 'A', 'G']",191
641,"['I', 'R', 'S']",190
1115,"['R', 'C', 'R']",190
965,"['P', 'A', 'R']",189
1167,"['R', 'T', 'S']",189
1483,"['W', 'G', 'R']",189
1126,"['R', 'G', 'R']",188
775,"['L', 'P', 'A']",187
555,"['H', 'G', 'S']",186
1073,"['Q', 'R', 'C']",186
1124,"['R', 'G', 'G']",185
1309,"['T', 'G', 'T']",183
1365,"['V', 'A', 'G']",183
489,"['G', 'R', 'A']",182
1052,"['Q', 'G', 'S']",182
192,"['C', 'C', 'S']",181
324,"['E', 'G', 'R']",181
1549,"['Y', 'G', 'S']",181
1569,"['Y', 'S', 'C']",181
1048,"['Q', 'G', 'C']",180
1263,"['S', 'T', 'A']",179
1391,"['V', 'G', 'P']",179
1416,"['V', 'P', 'C']",179
511,"['G', 'T', 'G']",178
1113,"['R', 'C', 'G']",178
1095,"['Q', 'T', 'S']",177
346,"['E', 'R', 'R']",176
447,"['G', 'C', 'A']",176
482,"['G', 'P', 'G']",176
948,"['N', 'S', 'R']",175
1424,"['V', 'R', 'A']",175
225,"['C', 'S', 'C']",173
1117,"['R', 'C', 'T']",173
314,"['E', 'C', 'R']",172
852,"['M', 'G', 'C']",172
614,"['I', 'G', 'S']",171
1022,"['P', 'T', 'R']",171
1163,"['R', 'T', 'C']",171
1376,"['V', 'C', 'P']",171
1480,"['W', 'G', 'G']",171
1504,"['W', 'R', 'S']",171
1572,"['Y', 'S', 'R']",171
1570,"['Y', 'S', 'G']",170
582,"['H', 'S', 'R']",169
648,"['I', 'S', 'G']",169
1379,"['V', 'C', 'T']",169
685,"['K', 'G', 'S']",168
819,"['L', 'T', 'P']",168
287,"['D', 'S', 'S']",167
645,"['I', 'S', 'C']",167
1128,"['R', 'G', 'T']",167
1336,"['T', 'R', 'P']",167
226,"['C', 'S', 'G']",166
283,"['D', 'S', 'G']",166
418,"['F', 'R', 'S']",166
229,"['C', 'S', 'R']",165
484,"['G', 'P', 'R']",165
978,"['P', 'G', 'A']",165
1429,"['V', 'R', 'P']",165
886,"['M', 'S', 'G']",164
891,"['M', 'S', 'T']",164
1371,"['V', 'A', 'T']",164
1372,"['V', 'C', 'A']",164
986,"['P', 'G', 'T']",163
1287,"['T', 'A', 'R']",163
942,"['N', 'R', 'S']",162
344,"['E', 'R', 'G']",161
579,"['H', 'S', 'C']",161
261,"['D', 'G', 'R']",160
1037,"['Q', 'C', 'C']",160
1466,"['W', 'A', 'S']",160
580,"['H', 'S', 'G']",159
855,"['M', 'G', 'R']",159
253,"['D', 'C', 'S']",158
1354,"['T', 'T', 'R']",158
222,"['C', 'R', 'S']",157
983,"['P', 'G', 'P']",157
545,"['H', 'C', 'S']",156
312,"['E', 'C', 'G']",155
946,"['N', 'S', 'G']",154
1290,"['T', 'C', 'A']",154
1352,"['T', 'T', 'G']",154
963,"['P', 'A', 'G']",153
1322,"['T', 'P', 'C']",153
840,"['M', 'C', 'A']",152
322,"['E', 'G', 'G']",151
442,"['G', 'A', 'G']",151
635,"['I', 'R', 'C']",151
1005,"['P', 'R', 'P']",151
1158,"['R', 'S', 'P']",151
1301,"['T', 'G', 'A']",151
279,"['D', 'R', 'S']",149
879,"['M', 'R', 'R']",149
200,"['C', 'G', 'S']",148
432,"['F', 'T', 'S']",147
1051,"['Q', 'G', 'R']",147
1103,"['R', 'A', 'C']",147
497,"['G', 'R', 'T']",146
707,"['K', 'S', 'R']",146
875,"['M', 'R', 'G']",146
420,"['F', 'S', 'A']",145
481,"['G', 'P', 'C']",145
897,"['M', 'T', 'S']",145
945,"['N', 'S', 'C']",145
1306,"['T', 'G', 'P']",145
1339,"['T', 'R', 'T']",145
997,"['P', 'P', 'G']",144
1417,"['V', 'P', 'G']",144
1469,"['W', 'C', 'C']",144
1506,"['W', 'S', 'A']",144
1325,"['T', 'P', 'R']",143
1442,"['V', 'T', 'A']",143
381,"['F', 'C', 'G']",142
841,"['M', 'C', 'C']",142
1368,"['V', 'A', 'P']",142
349,"['E', 'S', 'A']",141
915,"['N', 'C', 'S']",141
252,"['D', 'C', 'R']",140
1186,"['S', 'A', 'T']",140
262,"['D', 'G', 'S']",139
1180,"['S', 'A', 'A']",139
1420,"['V', 'P', 'R']",139
1478,"['W', 'G', 'C']",139
1002,"['P', 'R', 'A']",138
1111,"['R', 'C', 'A']",138
1122,"['R', 'G', 'A']",138
1449,"['V', 'T', 'T']",138
601,"['I', 'C', 'C']",137
1271,"['S', 'T', 'T']",136
1512,"['W', 'S', 'T']",136
451,"['G', 'C', 'P']",135
853,"['M', 'G', 'G']",135
218,"['C', 'R', 'C']",134
354,"['E', 'S', 'P']",134
996,"['P', 'P', 'C']",134
1143,"['R', 'P', 'S']",134
968,"['P', 'C', 'A']",133
1125,"['R', 'G', 'P']",133
701,"['K', 'R', 'S']",132
874,"['M', 'R', 'C']",132
999,"['P', 'P', 'R']",132
1537,"['Y', 'C', 'S']",132
883,"['M', 'S', 'A']",131
1230,"['S', 'P', 'P']",131
1330,"['T', 'R', 'A']",131
838,"['M', 'A', 'S']",130
919,"['N', 'G', 'C']",130
923,"['N', 'G', 'S']",130
1018,"['P', 'T', 'C']",130
1049,"['Q', 'G', 'G']",130
1323,"['T', 'P', 'G']",130
1470,"['W', 'C', 'G']",130
185,"['C', 'A', 'S']",129
1040,"['Q', 'C', 'R']",129
1353,"['T', 'T', 'P']",129
189,"['C', 'C', 'G']",128
320,"['E', 'G', 'A']",128
323,"['E', 'G', 'P']",128
974,"['P', 'C', 'T']",128
1038,"['Q', 'C', 'G']",128
571,"['H', 'R', 'C']",127
842,"['M', 'C', 'G']",127
308,"['E', 'A', 'S']",126
326,"['E', 'G', 'T']",126
363,"['E', 'T', 'S']",126
376,"['F', 'A', 'S']",126
1020,"['P', 'T', 'G']",126
1151,"['R', 'R', 'R']",126
1503,"['W', 'R', 'R']",126
388,"['F', 'G', 'C']",125
391,"['F', 'G', 'R']",125
1149,"['R', 'R', 'G']",125
1509,"['W', 'S', 'P']",124
413,"['F', 'R', 'C']",123
1183,"['S', 'A', 'P']",123
1296,"['T', 'C', 'T']",123
846,"['M', 'C', 'T']",122
1166,"['R', 'T', 'R']",122
415,"['F', 'R', 'G']",121
1087,"['Q', 'S', 'T']",121
1545,"['Y', 'G', 'C']",121
1104,"['R', 'A', 'G']",120
1363,"['V', 'A', 'A']",120
276,"['D', 'R', 'G']",119
833,"['M', 'A', 'C']",119
1233,"['S', 'P', 'T']",119
359,"['E', 'T', 'C']",118
705,"['K', 'S', 'G']",118
1356,"['T', 'T', 'T']",118
1501,"['W', 'R', 'G']",118
357,"['E', 'S', 'T']",117
483,"['G', 'P', 'P']",117
610,"['I', 'G', 'C']",117
310,"['E', 'C', 'A']",116
380,"['F', 'C', 'C']",116
652,"['I', 'S', 'T']",116
851,"['M', 'G', 'A']",116
1034,"['Q', 'A', 'S']",116
1566,"['Y', 'R', 'S']",116
196,"['C', 'G', 'C']",115
333,"['E', 'P', 'C']",115
971,"['P', 'C', 'P']",115
1518,"['W', 'T', 'S']",115
339,"['E', 'P', 'S']",114
1068,"['Q', 'P', 'S']",114
259,"['D', 'G', 'G']",113
278,"['D', 'R', 'R']",113
950,"['N', 'S', 'T']",113
1017,"['P', 'T', 'A']",113
1268,"['S', 'T', 'P']",113
1349,"['T', 'T', 'A']",113
1495,"['W', 'P', 'S']",113
249,"['D', 'C', 'C']",112
271,"['D', 'P', 'S']",112
540,"['H', 'C', 'C']",112
576,"['H', 'R', 'S']",112
703,"['K', 'S', 'A']",112
1107,"['R', 'A', 'R']",112
1548,"['Y', 'G', 'R']",112
443,"['G', 'A', 'P']",111
920,"['N', 'G', 'G']",111
288,"['D', 'S', 'T']",110
486,"['G', 'P', 'T']",110
554,"['H', 'G', 'R']",110
893,"['M', 'T', 'C']",110
303,"['E', 'A', 'C']",109
362,"['E', 'T', 'R']",109
908,"['N', 'A', 'S']",109
1164,"['R', 'T', 'G']",109
1534,"['Y', 'C', 'G']",109
509,"['G', 'T', 'A']",108
888,"['M', 'S', 'P']",108
896,"['M', 'T', 'R']",108
1227,"['S', 'P', 'A']",108
1514,"['W', 'T', 'C']",108
1029,"['Q', 'A', 'C']",107
1102,"['R', 'A', 'A']",107
221,"['C', 'R', 'R']",106
575,"['H', 'R', 'R']",106
613,"['I', 'G', 'R']",106
1422,"['V', 'P', 'T']",106
873,"['M', 'R', 'A']",105
345,"['E', 'R', 'P']",104
629,"['I', 'P', 'S']",104
659,"['I', 'T', 'S']",104
1024,"['P', 'T', 'T']",104
307,"['E', 'A', 'R']",103
480,"['G', 'P', 'A']",103
550,"['H', 'G', 'C']",103
681,"['K', 'G', 'C']",103
1446,"['V', 'T', 'P']",103
197,"['C', 'G', 'G']",102
552,"['H', 'G', 'G']",102
1080,"['Q', 'S', 'A']",102
654,"['I', 'T', 'C']",101
854,"['M', 'G', 'P']",101
922,"['N', 'G', 'R']",101
957,"['N', 'T', 'S']",101
604,"['I', 'C', 'R']",100
937,"['N', 'R', 'C']",100
1461,"['W', 'A', 'G']",100
383,"['F', 'C', 'R']",99
426,"['F', 'S', 'T']",99
438,"['G', 'A', 'A']",99
517,"['G', 'T', 'T']",99
911,"['N', 'C', 'C']",99
1077,"['Q', 'R', 'R']",99
1286,"['T', 'A', 'P']",99
709,"['K', 'S', 'T']",98
1574,"['Y', 'S', 'T']",98
446,"['G', 'A', 'T']",97
640,"['I', 'R', 'R']",97
672,"['K', 'C', 'C']",97
1047,"['Q', 'G', 'A']",97
1139,"['R', 'P', 'G']",97
191,"['C', 'C', 'R']",96
231,"['C', 'S', 'T']",96
429,"['F', 'T', 'G']",96
676,"['K', 'C', 'S']",96
941,"['N', 'R', 'R']",96
998,"['P', 'P', 'P']",96
1485,"['W', 'G', 'T']",96
1581,"['Y', 'T', 'S']",96
598,"['I', 'A', 'S']",95
1036,"['Q', 'C', 'A']",95
199,"['C', 'G', 'R']",94
611,"['I', 'G', 'G']",94
857,"['M', 'G', 'T']",94
1030,"['Q', 'A', 'G']",94
1094,"['Q', 'T', 'R']",94
1293,"['T', 'C', 'P']",94
1472,"['W', 'C', 'R']",94
914,"['N', 'C', 'R']",93
236,"['C', 'T', 'R']",92
285,"['D', 'S', 'P']",92
675,"['K', 'C', 'R']",92
677,"['K', 'C', 'T']",92
1147,"['R', 'R', 'A']",92
1327,"['T', 'P', 'T']",92
1559,"['Y', 'P', 'S']",92
542,"['H', 'C', 'G']",91
581,"['H', 'S', 'P']",91
1090,"['Q', 'T', 'C']",91
1321,"['T', 'P', 'A']",91
1468,"['W', 'C', 'A']",91
537,"['H', 'A', 'S']",90
644,"['I', 'S', 'A']",90
1281,"['T', 'A', 'A']",90
1324,"['T', 'P', 'P']",90
250,"['D', 'C', 'G']",89
417,"['F', 'R', 'R']",89
544,"['H', 'C', 'R']",89
869,"['M', 'P', 'S']",89
1481,"['W', 'G', 'P']",89
1515,"['W', 'T', 'G']",89
334,"['E', 'P', 'G']",88
423,"['F', 'S', 'P']",88
700,"['K', 'R', 'R']",88
944,"['N', 'S', 'A']",88
1053,"['Q', 'G', 'T']",88
1084,"['Q', 'S', 'P']",88
1150,"['R', 'R', 'P']",88
1289,"['T', 'A', 'T']",88
1563,"['Y', 'R', 'G']",88
360,"['E', 'T', 'G']",87
1109,"['R', 'A', 'T']",87
188,"['C', 'C', 'C']",86
514,"['G', 'T', 'P']",86
673,"['K', 'C', 'G']",86
967,"['P', 'A', 'T']",86
186,"['C', 'A', 'T']",85
219,"['C', 'R', 'G']",85
224,"['C', 'S', 'A']",85
338,"['E', 'P', 'R']",85
995,"['P', 'P', 'A']",85
234,"['C', 'T', 'G']",84
577,"['H', 'R', 'T']",84
590,"['H', 'T', 'S']",84
649,"['I', 'S', 'P']",84
694,"['K', 'P', 'S']",84
1415,"['V', 'P', 'A']",84
263,"['D', 'G', 'T']",83
594,"['I', 'A', 'C']",83
863,"['M', 'P', 'C']",83
953,"['N', 'T', 'C']",83
1568,"['Y', 'S', 'A']",83
373,"['F', 'A', 'G']",82
412,"['F', 'R', 'A']",82
431,"['F', 'T', 'R']",82
1050,"['Q', 'G', 'P']",82
1114,"['R', 'C', 'P']",82
1460,"['W', 'A', 'C']",82
1536,"['Y', 'C', 'R']",82
237,"['C', 'T', 'S']",81
536,"['H', 'A', 'R']",81
586,"['H', 'T', 'C']",81
912,"['N', 'C', 'G']",81
1498,"['W', 'R', 'A']",81
282,"['D', 'S', 'C']",80
636,"['I', 'R', 'G']",80
682,"['K', 'G', 'G']",80
835,"['M', 'A', 'G']",80
187,"['C', 'C', 'A']",79
609,"['I', 'G', 'A']",79
1042,"['Q', 'C', 'T']",79
1546,"['Y', 'G', 'G']",79
313,"['E', 'C', 'P']",78
589,"['H', 'T', 'R']",78
606,"['I', 'C', 'T']",78
1072,"['Q', 'R', 'A']",78
1079,"['Q', 'R', 'T']",78
1418,"['V', 'P', 'P']",78
268,"['D', 'P', 'G']",77
379,"['F', 'C', 'A']",77
387,"['F', 'G', 'A']",77
947,"['N', 'S', 'P']",77
245,"['D', 'A', 'R']",76
584,"['H', 'S', 'T']",76
684,"['K', 'G', 'R']",76
1565,"['Y', 'R', 'R']",76
342,"['E', 'R', 'A']",75
419,"['F', 'R', 'T']",75
634,"['I', 'R', 'A']",75
1571,"['Y', 'S', 'P']",75
428,"['F', 'T', 'C']",74
615,"['I', 'G', 'T']",74
698,"['K', 'R', 'G']",74
1033,"['Q', 'A', 'R']",74
1035,"['Q', 'A', 'T']",74
1162,"['R', 'T', 'A']",74
393,"['F', 'G', 'T']",73
943,"['N', 'R', 'T']",73
1091,"['Q', 'T', 'G']",73
375,"['F', 'A', 'R']",72
716,"['K', 'T', 'S']",72
881,"['M', 'R', 'T']",72
1168,"['R', 'T', 'T']",72
195,"['C', 'G', 'A']",71
201,"['C', 'G', 'T']",71
211,"['C', 'P', 'G']",71
602,"['I', 'C', 'G']",71
628,"['I', 'P', 'R']",71
693,"['K', 'P', 'R']",71
956,"['N', 'T', 'R']",71
1074,"['Q', 'R', 'G']",71
1502,"['W', 'R', 'P']",71
210,"['C', 'P', 'C']",70
214,"['C', 'P', 'S']",70
371,"['F', 'A', 'C']",70
385,"['F', 'C', 'T']",70
600,"['I', 'C', 'A']",70
706,"['K', 'S', 'P']",70
864,"['M', 'P', 'G']",70
1001,"['P', 'P', 'T']",70
1558,"['Y', 'P', 'R']",70
193,"['C', 'C', 'T']",69
304,"['E', 'A', 'G']",69
377,"['F', 'A', 'T']",69
578,"['H', 'S', 'A']",69
1063,"['Q', 'P', 'C']",69
1138,"['R', 'P', 'C']",69
281,"['D', 'S', 'A']",68
570,"['H', 'R', 'A']",68
597,"['I', 'A', 'R']",68
868,"['M', 'P', 'R']",68
934,"['N', 'P', 'S']",68
1490,"['W', 'P', 'A']",68
370,"['F', 'A', 'A']",67
404,"['F', 'P', 'G']",67
543,"['H', 'C', 'P']",67
566,"['H', 'P', 'R']",67
664,"['K', 'A', 'C']",67
892,"['M', 'T', 'A']",67
894,"['M', 'T', 'G']",67
1028,"['Q', 'A', 'A']",67
1494,"['W', 'P', 'R']",67
1544,"['Y', 'G', 'A']",67
246,"['D', 'A', 'S']",66
337,"['E', 'P', 'P']",66
878,"['M', 'R', 'P']",66
1142,"['R', 'P', 'R']",66
358,"['E', 'T', 'A']",65
361,"['E', 'T', 'P']",65
533,"['H', 'A', 'C']",65
837,"['M', 'A', 'R']",65
907,"['N', 'A', 'R']",65
964,"['P', 'A', 'P']",65
1067,"['Q', 'P', 'R']",65
213,"['C', 'P', 'R']",64
267,"['D', 'P', 'C']",64
711,"['K', 'T', 'C']",64
1467,"['W', 'A', 'T']",64
1530,"['Y', 'A', 'S']",64
408,"['F', 'P', 'R']",63
573,"['H', 'R', 'G']",63
1492,"['W', 'P', 'G']",63
1513,"['W', 'T', 'A']",63
1526,"['Y', 'A', 'G']",63
1532,"['Y', 'C', 'A']",63
184,"['C', 'A', 'R']",62
233,"['C', 'T', 'C']",62
409,"['F', 'P', 'S']",62
567,"['H', 'P', 'S']",62
699,"['K', 'R', 'P']",62
1039,"['Q', 'C', 'P']",62
1477,"['W', 'G', 'A']",62
277,"['D', 'R', 'P']",61
549,"['H', 'G', 'A']",61
843,"['M', 'C', 'P']",61
1564,"['Y', 'R', 'P']",61
668,"['K', 'A', 'R']",60
680,"['K', 'G', 'A']",60
839,"['M', 'A', 'T']",60
921,"['N', 'G', 'P']",60
1533,"['Y', 'C', 'C']",60
251,"['D', 'C', 'P']",59
653,"['I', 'T', 'A']",59
696,"['K', 'R', 'A']",59
1096,"['Q', 'T', 'T']",59
1144,"['R', 'P', 'T']",59
1519,"['W', 'T', 'T']",59
198,"['C', 'G', 'P']",58
374,"['F', 'A', 'P']",58
416,"['F', 'R', 'P']",58
556,"['H', 'G', 'T']",58
595,"['I', 'A', 'G']",58
665,"['K', 'A', 'G']",58
1021,"['P', 'T', 'P']",58
1576,"['Y', 'T', 'C']",58
260,"['D', 'G', 'P']",57
309,"['E', 'A', 'T']",57
390,"['F', 'G', 'P']",57
638,"['I', 'R', 'P']",57
870,"['M', 'P', 'T']",57
1491,"['W', 'P', 'C']",57
1089,"['Q', 'T', 'A']",56
1474,"['W', 'C', 'T']",56
270,"['D', 'P', 'R']",55
655,"['I', 'T', 'G']",55
938,"['N', 'R', 'G']",55
940,"['N', 'R', 'P']",55
1065,"['Q', 'P', 'G']",55
1464,"['W', 'A', 'P']",55
1517,"['W', 'T', 'R']",55
294,"['D', 'T', 'R']",54
382,"['F', 'C', 'P']",54
832,"['M', 'A', 'A']",54
1137,"['R', 'P', 'A']",54
1575,"['Y', 'T', 'A']",54
257,"['D', 'G', 'A']",53
292,"['D', 'T', 'G']",53
295,"['D', 'T', 'S']",53
306,"['E', 'A', 'P']",53
433,"['F', 'T', 'T']",53
612,"['I', 'G', 'P']",53
898,"['M', 'T', 'T']",53
1032,"['Q', 'A', 'P']",53
1459,"['W', 'A', 'A']",53
1471,"['W', 'C', 'P']",53
1529,"['Y', 'A', 'R']",53
220,"['C', 'R', 'P']",52
228,"['C', 'S', 'P']",52
930,"['N', 'P', 'G']",52
1105,"['R', 'A', 'P']",52
1538,"['Y', 'C', 'T']",52
343,"['E', 'R', 'C']",51
574,"['H', 'R', 'P']",51
658,"['I', 'T', 'R']",51
660,"['I', 'T', 'T']",51
862,"['M', 'P', 'A']",51
1062,"['Q', 'P', 'A']",51
1076,"['Q', 'R', 'P']",51
1165,"['R', 'T', 'P']",51
1525,"['Y', 'A', 'C']",51
1561,"['Y', 'R', 'A']",51
904,"['N', 'A', 'C']",50
958,"['N', 'T', 'T']",50
1550,"['Y', 'G', 'T']",50
1562,"['Y', 'R', 'C']",50
243,"['D', 'A', 'G']",49
587,"['H', 'T', 'G']",49
669,"['K', 'A', 'S']",49
1560,"['Y', 'P', 'T']",49
181,"['C', 'A', 'C']",48
217,"['C', 'R', 'A']",48
273,"['D', 'R', 'A']",48
348,"['E', 'R', 'T']",48
402,"['F', 'P', 'A']",48
539,"['H', 'C', 'A']",48
626,"['I', 'P', 'G']",48
1535,"['Y', 'C', 'P']",48
190,"['C', 'C', 'P']",47
212,"['C', 'P', 'P']",47
248,"['D', 'C', 'A']",47
269,"['D', 'P', 'P']",47
293,"['D', 'T', 'P']",47
332,"['E', 'P', 'A']",47
427,"['F', 'T', 'A']",47
546,"['H', 'C', 'T']",47
642,"['I', 'R', 'T']",47
671,"['K', 'C', 'A']",47
686,"['K', 'G', 'T']",47
918,"['N', 'G', 'A']",47
1582,"['Y', 'T', 'T']",47
232,"['C', 'T', 'A']",46
238,"['C', 'T', 'T']",46
905,"['N', 'A', 'G']",46
302,"['E', 'A', 'A']",45
553,"['H', 'G', 'P']",45
562,"['H', 'P', 'C']",45
1555,"['Y', 'P', 'C']",45
290,"['D', 'T', 'C']",44
407,"['F', 'P', 'P']",44
534,"['H', 'A', 'G']",44
702,"['K', 'R', 'T']",44
910,"['N', 'C', 'A']",44
316,"['E', 'C', 'T']",43
430,"['F', 'T', 'P']",42
836,"['M', 'A', 'P']",42
933,"['N', 'P', 'R']",42
1496,"['W', 'P', 'T']",42
627,"['I', 'P', 'P']",41
1531,"['Y', 'A', 'T']",41
670,"['K', 'A', 'T']",40
954,"['N', 'T', 'G']",40
1093,"['Q', 'T', 'P']",40
1557,"['Y', 'P', 'P']",40
596,"['I', 'A', 'P']",39
625,"['I', 'P', 'C']",39
715,"['K', 'T', 'R']",39
895,"['M', 'T', 'P']",39
909,"['N', 'A', 'T']",39
952,"['N', 'T', 'A']",39
969,"['P', 'C', 'C']",39
1141,"['R', 'P', 'P']",39
223,"['C', 'R', 'T']",38
410,"['F', 'P', 'T']",38
599,"['I', 'A', 'T']",38
929,"['N', 'P', 'C']",38
935,"['N', 'P', 'T']",38
1547,"['Y', 'G', 'P']",38
588,"['H', 'T', 'P']",37
603,"['I', 'C', 'P']",37
663,"['K', 'A', 'A']",37
936,"['N', 'R', 'A']",37
1465,"['W', 'A', 'R']",37
182,"['C', 'A', 'G']",36
403,"['F', 'P', 'C']",36
563,"['H', 'P', 'G']",36
683,"['K', 'G', 'P']",36
254,"['D', 'C', 'T']",35
593,"['I', 'A', 'A']",35
624,"['I', 'P', 'A']",35
691,"['K', 'P', 'G']",35
924,"['N', 'G', 'T']",35
1578,"['Y', 'T', 'G']",35
180,"['C', 'A', 'A']",34
209,"['C', 'P', 'A']",34
538,"['H', 'A', 'T']",34
689,"['K', 'P', 'A']",34
712,"['K', 'T', 'G']",34
867,"['M', 'P', 'P']",34
1554,"['Y', 'P', 'A']",34
235,"['C', 'T', 'P']",33
657,"['I', 'T', 'P']",33
913,"['N', 'C', 'P']",33
932,"['N', 'P', 'P']",33
1505,"['W', 'R', 'T']",33
183,"['C', 'A', 'P']",32
364,"['E', 'T', 'T']",32
585,"['H', 'T', 'A']",32
568,"['H', 'P', 'T']",31
690,"['K', 'P', 'C']",31
717,"['K', 'T', 'T']",31
247,"['D', 'A', 'T']",30
258,"['D', 'G', 'C']",30
928,"['N', 'P', 'A']",30
1153,"['R', 'R', 'T']",30
266,"['D', 'P', 'A']",29
289,"['D', 'T', 'A']",29
710,"['K', 'T', 'A']",29
903,"['N', 'A', 'A']",29
961,"['P', 'A', 'A']",29
1580,"['Y', 'T', 'R']",29
215,"['C', 'P', 'T']",28
340,"['E', 'P', 'T']",28
565,"['H', 'P', 'P']",28
714,"['K', 'T', 'P']",28
906,"['N', 'A', 'P']",28
1066,"['Q', 'P', 'P']",28
561,"['H', 'P', 'A']",27
591,"['H', 'T', 'T']",27
1008,"['P', 'R', 'T']",27
1069,"['Q', 'P', 'T']",27
1528,"['Y', 'A', 'P']",27
1556,"['Y', 'P', 'G']",27
280,"['D', 'R', 'T']",26
535,"['H', 'A', 'P']",26
667,"['K', 'A', 'P']",26
1493,"['W', 'P', 'P']",26
955,"['N', 'T', 'P']",25
1524,"['Y', 'A', 'A']",25
916,"['N', 'C', 'T']",24
532,"['H', 'A', 'A']",23
695,"['K', 'P', 'T']",23
272,"['D', 'P', 'T']",22
296,"['D', 'T', 'T']",22
244,"['D', 'A', 'P']",20
630,"['I', 'P', 'T']",20
87,"['A', 'N', 'V']",19
1003,"['P', 'R', 'C']",19
692,"['K', 'P', 'P']",16
1148,"['R', 'R', 'C']",16
1516,"['W', 'T', 'P']",16
1567,"['Y', 'R', 'T']",16
131,"['A', 'S', 'L']",15
274,"['D', 'R', 'C']",14
1579,"['Y', 'T', 'P']",13
674,"['K', 'C', 'P']",12
1244,"['S', 'R', 'H']",12
108,"['A', 'Q', 'S']",11
1235,"['S', 'Q', 'L']",11
1266,"['S', 'T', 'H']",11
44,"['A', 'G', 'V']",9
50,"['A', 'I', 'S']",9
406,"['F', 'P', 'L']",9
787,"['L', 'Q', 'S']",9
112,"['A', 'R', 'F']",8
311,"['E', 'C', 'C']",8
882,"['M', 'R', 'V']",8
960,"['N', 'V', 'T']",8
73,"['A', 'L', 'W']",7
92,"['A', 'P', 'K']",7
142,"['A', 'T', 'D']",7
203,"['C', 'L', 'L']",7
241,"['D', 'A', 'A']",7
492,"['G', 'R', 'M']",7
1019,"['P', 'T', 'F']",7
1201,"['S', 'F', 'S']",7
1247,"['S', 'R', 'Q']",7
1358,"['T', 'V', 'G']",7
1395,"['V', 'H', 'A']",7
1454,"['V', 'V', 'W']",7
1523,"['W', 'Y', 'T']",7
60,"['A', 'L', 'F']",6
67,"['A', 'L', 'P']",6
137,"['A', 'S', 'V']",6
152,"['A', 'V', 'A']",6
242,"['D', 'A', 'C']",6
737,"['L', 'D', 'R']",6
745,"['L', 'G', 'L']",6
753,"['L', 'H', 'R']",6
849,"['M', 'F', 'I']",6
1059,"['Q', 'M', 'S']",6
1275,"['S', 'V', 'R']",6
1402,"['V', 'K', 'C']",6
1407,"['V', 'L', 'Y']",6
1414,"['V', 'N', 'V']",6
1499,"['W', 'R', 'C']",6
25,"['A', 'D', 'R']",5
33,"['A', 'F', 'T']",5
54,"['A', 'K', 'E']",5
100,"['A', 'P', 'W']",5
114,"['A', 'R', 'L']",5
139,"['A', 'S', 'Y']",5
155,"['A', 'V', 'M']",5
178,"['A', 'Y', 'S']",5
240,"['C', 'V', 'P']",5
330,"['E', 'L', 'L']",5
450,"['G', 'C', 'K']",5
513,"['G', 'T', 'K']",5
520,"['G', 'V', 'M']",5
632,"['I', 'Q', 'F']",5
809,"['L', 'S', 'V']",5
834,"['M', 'A', 'D']",5
887,"['M', 'S', 'I']",5
962,"['P', 'A', 'C']",5
1044,"['Q', 'E', 'L']",5
1169,"['R', 'T', 'W']",5
1176,"['R', 'W', 'H']",5
1198,"['S', 'E', 'N']",5
1220,"['S', 'L', 'W']",5
1221,"['S', 'M', 'G']",5
1226,"['S', 'N', 'V']",5
1257,"['S', 'S', 'N']",5
1314,"['T', 'L', 'A']",5
1334,"['T', 'R', 'L']",5
1475,"['W', 'C', 'V']",5
1543,"['Y', 'F', 'R']",5
1553,"['Y', 'L', 'K']",5
27,"['A', 'E', 'G']",4
51,"['A', 'I', 'V']",4
57,"['A', 'K', 'P']",4
72,"['A', 'L', 'V']",4
74,"['A', 'L', 'Y']",4
93,"['A', 'P', 'L']",4
123,"['A', 'R', 'W']",4
129,"['A', 'S', 'I']",4
130,"['A', 'S', 'K']",4
132,"['A', 'S', 'M']",4
151,"['A', 'T', 'V']",4
163,"['A', 'W', 'E']",4
208,"['C', 'N', 'V']",4
239,"['C', 'V', 'N']",4
367,"['E', 'V', 'S']",4
396,"['F', 'I', 'W']",4
477,"['G', 'M', 'V']",4
478,"['G', 'N', 'G']",4
519,"['G', 'V', 'L']",4
559,"['H', 'M', 'S']",4
616,"['I', 'G', 'V']",4
621,"['I', 'N', 'M']",4
631,"['I', 'P', 'V']",4
639,"['I', 'R', 'Q']",4
662,"['I', 'V', 'V']",4
780,"['L', 'P', 'H']",4
793,"['L', 'R', 'L']",4
826,"['L', 'V', 'M']",4
830,"['L', 'W', 'T']",4
848,"['M', 'E', 'H']",4
859,"['M', 'L', 'A']",4
901,"['M', 'V', 'S']",4
1054,"['Q', 'H', 'R']",4
1056,"['Q', 'L', 'P']",4
1061,"['Q', 'N', 'V']",4
1132,"['R', 'M', 'F']",4
1145,"['R', 'P', 'W']",4
1171,"['R', 'V', 'M']",4
1196,"['S', 'D', 'M']",4
1251,"['S', 'R', 'V']",4
1297,"['T', 'E', 'H']",4
1299,"['T', 'E', 'W']",4
1315,"['T', 'L', 'F']",4
1398,"['V', 'I', 'A']",4
1450,"['V', 'V', 'C']",4
1453,"['V', 'V', 'Q']",4
1540,"['Y', 'E', 'R']",4
21,"['A', 'C', 'W']",3
22,"['A', 'D', 'C']",3
26,"['A', 'D', 'W']",3
29,"['A', 'E', 'L']",3
56,"['A', 'K', 'L']",3
59,"['A', 'L', 'D']",3
66,"['A', 'L', 'N']",3
71,"['A', 'L', 'T']",3
90,"['A', 'P', 'F']",3
105,"['A', 'Q', 'L']",3
106,"['A', 'Q', 'N']",3
144,"['A', 'T', 'K']",3
156,"['A', 'V', 'P']",3
158,"['A', 'V', 'S']",3
170,"['A', 'W', 'R']",3
174,"['A', 'Y', 'E']",3
177,"['A', 'Y', 'N']",3
194,"['C', 'F', 'C']",3
256,"['D', 'C', 'Y']",3
327,"['E', 'H', 'R']",3
329,"['E', 'L', 'H']",3
335,"['E', 'P', 'L']",3
399,"['F', 'L', 'P']",3
400,"['F', 'M', 'F']",3
457,"['G', 'E', 'F']",3
460,"['G', 'F', 'Q']",3
473,"['G', 'L', 'A']",3
498,"['G', 'R', 'V']",3
558,"['H', 'L', 'L']",3
560,"['H', 'N', 'M']",3
618,"['I', 'L', 'E']",3
697,"['K', 'R', 'C']",3
722,"['L', 'A', 'F']",3
733,"['L', 'C', 'Q']",3
755,"['L', 'H', 'V']",3
758,"['L', 'K', 'L']",3
760,"['L', 'K', 'V']",3
767,"['L', 'L', 'S']",3
769,"['L', 'L', 'Y']",3
829,"['L', 'W', 'S']",3
872,"['M', 'Q', 'P']",3
876,"['M', 'R', 'H']",3
989,"['P', 'L', 'S']",3
994,"['P', 'N', 'V']",3
1011,"['P', 'S', 'E']",3
1046,"['Q', 'F', 'S']",3
1088,"['Q', 'S', 'V']",3
1106,"['R', 'A', 'Q']",3
1110,"['R', 'A', 'W']",3
1130,"['R', 'L', 'A']",3
1135,"['R', 'N', 'T']",3
1215,"['S', 'L', 'G']",3
1312,"['T', 'H', 'S']",3
1366,"['V', 'A', 'H']",3
1380,"['V', 'C', 'W']",3
1399,"['V', 'I', 'Q']",3
1400,"['V', 'I', 'R']",3
1404,"['V', 'L', 'C']",3
1423,"['V', 'Q', 'S']",3
1427,"['V', 'R', 'H']",3
1435,"['V', 'S', 'D']",3
1445,"['V', 'T', 'L']",3
1539,"['Y', 'E', 'A']",3
1577,"['Y', 'T', 'D']",3
4,"['A', 'A', 'I']",2
6,"['A', 'A', 'L']",2
7,"['A', 'A', 'M']",2
24,"['A', 'D', 'H']",2
30,"['A', 'E', 'Q']",2
36,"['A', 'G', 'E']",2
38,"['A', 'G', 'K']",2
45,"['A', 'H', 'C']",2
46,"['A', 'H', 'S']",2
52,"['A', 'K', 'A']",2
70,"['A', 'L', 'S']",2
77,"['A', 'M', 'M']",2
78,"['A', 'M', 'R']",2
81,"['A', 'M', 'Y']",2
103,"['A', 'Q', 'H']",2
107,"['A', 'Q', 'R']",2
116,"['A', 'R', 'N']",2
122,"['A', 'R', 'V']",2
127,"['A', 'S', 'D']",2
153,"['A', 'V', 'H']",2
154,"['A', 'V', 'L']",2
157,"['A', 'V', 'R']",2
159,"['A', 'V', 'T']",2
161,"['A', 'W', 'A']",2
165,"['A', 'W', 'I']",2
168,"['A', 'W', 'M']",2
171,"['A', 'W', 'S']",2
173,"['A', 'W', 'Y']",2
175,"['A', 'Y', 'K']",2
176,"['A', 'Y', 'L']",2
179,"['A', 'Y', 'W']",2
206,"['C', 'M', 'S']",2
227,"['C', 'S', 'K']",2
264,"['D', 'K', 'M']",2
265,"['D', 'L', 'R']",2
284,"['D', 'S', 'L']",2
319,"['E', 'D', 'T']",2
331,"['E', 'N', 'L']",2
366,"['E', 'V', 'A']",2
368,"['E', 'W', 'G']",2
369,"['E', 'W', 'S']",2
372,"['F', 'A', 'F']",2
386,"['F', 'F', 'R']",2
395,"['F', 'H', 'L']",2
397,"['F', 'L', 'C']",2
398,"['F', 'L', 'M']",2
459,"['G', 'F', 'L']",2
466,"['G', 'G', 'Q']",2
475,"['G', 'L', 'R']",2
476,"['G', 'M', 'I']",2
488,"['G', 'Q', 'D']",2
499,"['G', 'R', 'W']",2
512,"['G', 'T', 'I']",2
521,"['G', 'V', 'N']",2
523,"['G', 'V', 'Q']",2
524,"['G', 'V', 'R']",2
525,"['G', 'V', 'T']",2
526,"['G', 'V', 'Y']",2
529,"['G', 'W', 'L']",2
564,"['H', 'P', 'N']",2
620,"['I', 'L', 'L']",2
656,"['I', 'T', 'I']",2
678,"['K', 'D', 'K']",2
713,"['K', 'T', 'K']",2
718,"['K', 'V', 'S']",2
742,"['L', 'G', 'E']",2
743,"['L', 'G', 'F']",2
750,"['L', 'G', 'V']",2
752,"['L', 'H', 'P']",2
754,"['L', 'H', 'S']",2
762,"['L', 'L', 'G']",2
766,"['L', 'L', 'R']",2
771,"['L', 'M', 'Q']",2
785,"['L', 'P', 'V']",2
801,"['L', 'S', 'E']",2
811,"['L', 'S', 'Y']",2
816,"['L', 'T', 'F']",2
824,"['L', 'T', 'V']",2
825,"['L', 'T', 'W']",2
828,"['L', 'W', 'R']",2
831,"['L', 'Y', 'R']",2
861,"['M', 'L', 'S']",2
871,"['M', 'Q', 'D']",2
877,"['M', 'R', 'L']",2
885,"['M', 'S', 'D']",2
902,"['M', 'V', 'W']",2
917,"['N', 'F', 'L']",2
926,"['N', 'N', 'V']",2
977,"['P', 'F', 'V']",2
980,"['P', 'G', 'F']",2
987,"['P', 'G', 'V']",2
1027,"['P', 'Y', 'E']",2
1058,"['Q', 'M', 'H']",2
1071,"['Q', 'Q', 'T']",2
1075,"['Q', 'R', 'H']",2
1092,"['Q', 'T', 'I']",2
1098,"['Q', 'V', 'L']",2
1136,"['R', 'N', 'V']",2
1174,"['R', 'V', 'T']",2
1177,"['R', 'W', 'N']",2
1179,"['R', 'Y', 'V']",2
1191,"['S', 'C', 'H']",2
1206,"['S', 'G', 'H']",2
1216,"['S', 'L', 'K']",2
1222,"['S', 'M', 'W']",2
1223,"['S', 'M', 'Y']",2
1224,"['S', 'N', 'L']",2
1225,"['S', 'N', 'R']",2
1238,"['S', 'Q', 'V']",2
1256,"['S', 'S', 'M']",2
1273,"['S', 'V', 'N']",2
1278,"['S', 'W', 'R']",2
1279,"['S', 'Y', 'I']",2
1280,"['S', 'Y', 'K']",2
1284,"['T', 'A', 'F']",2
1298,"['T', 'E', 'V']",2
1304,"['T', 'G', 'I']",2
1313,"['T', 'K', 'N']",2
1316,"['T', 'L', 'R']",2
1317,"['T', 'L', 'T']",2
1332,"['T', 'R', 'D']",2
1340,"['T', 'R', 'V']",2
1357,"['T', 'V', 'F']",2
1360,"['T', 'V', 'Q']",2
1362,"['T', 'Y', 'L']",2
1381,"['V', 'D', 'R']",2
1387,"['V', 'G', 'D']",2
1389,"['V', 'G', 'I']",2
1397,"['V', 'H', 'Q']",2
1403,"['V', 'K', 'L']",2
1405,"['V', 'L', 'L']",2
1413,"['V', 'N', 'T']",2
1428,"['V', 'R', 'L']",2
1441,"['V', 'S', 'Y']",2
1463,"['W', 'A', 'L']",2
1476,"['W', 'E', 'P']",2
1487,"['W', 'H', 'S']",2
1497,"['W', 'Q', 'G']",2
1521,"['W', 'W', 'V']",2
2,"['A', 'A', 'E']",1
5,"['A', 'A', 'K']",1
9,"['A', 'A', 'Q']",1
13,"['A', 'A', 'Y']",1
23,"['A', 'D', 'G']",1
28,"['A', 'E', 'H']",1
31,"['A', 'E', 'R']",1
32,"['A', 'E', 'T']",1
39,"['A', 'G', 'L']",1
47,"['A', 'I', 'C']",1
48,"['A', 'I', 'L']",1
49,"['A', 'I', 'R']",1
53,"['A', 'K', 'C']",1
55,"['A', 'K', 'H']",1
58,"['A', 'K', 'W']",1
61,"['A', 'L', 'H']",1
62,"['A', 'L', 'I']",1
63,"['A', 'L', 'K']",1
64,"['A', 'L', 'L']",1
65,"['A', 'L', 'M']",1
68,"['A', 'L', 'Q']",1
69,"['A', 'L', 'R']",1
75,"['A', 'M', 'E']",1
76,"['A', 'M', 'I']",1
79,"['A', 'M', 'S']",1
80,"['A', 'M', 'W']",1
82,"['A', 'N', 'D']",1
83,"['A', 'N', 'E']",1
84,"['A', 'N', 'K']",1
85,"['A', 'N', 'M']",1
86,"['A', 'N', 'S']",1
94,"['A', 'P', 'N']",1
99,"['A', 'P', 'V']",1
101,"['A', 'Q', 'F']",1
102,"['A', 'Q', 'G']",1
104,"['A', 'Q', 'I']",1
109,"['A', 'Q', 'V']",1
115,"['A', 'R', 'M']",1
118,"['A', 'R', 'Q']",1
124,"['A', 'R', 'Y']",1
138,"['A', 'S', 'W']",1
145,"['A', 'T', 'L']",1
147,"['A', 'T', 'Q']",1
160,"['A', 'V', 'V']",1
162,"['A', 'W', 'C']",1
164,"['A', 'W', 'G']",1
166,"['A', 'W', 'K']",1
167,"['A', 'W', 'L']",1
169,"['A', 'W', 'P']",1
172,"['A', 'W', 'T']",1
202,"['C', 'I', 'V']",1
204,"['C', 'L', 'R']",1
205,"['C', 'L', 'W']",1
207,"['C', 'M', 'Y']",1
216,"['C', 'Q', 'R']",1
255,"['D', 'C', 'W']",1
275,"['D', 'R', 'E']",1
291,"['D', 'T', 'D']",1
297,"['D', 'T', 'W']",1
298,"['D', 'V', 'L']",1
299,"['D', 'V', 'M']",1
300,"['D', 'V', 'Q']",1
301,"['D', 'Y', 'A']",1
305,"['E', 'A', 'H']",1
317,"['E', 'D', 'A']",1
318,"['E', 'D', 'E']",1
328,"['E', 'K', 'S']",1
336,"['E', 'P', 'N']",1
341,"['E', 'Q', 'G']",1
351,"['E', 'S', 'F']",1
353,"['E', 'S', 'L']",1
365,"['E', 'T', 'V']",1
378,"['F', 'A', 'W']",1
394,"['F', 'H', 'C']",1
401,"['F', 'N', 'T']",1
405,"['F', 'P', 'H']",1
411,"['F', 'Q', 'S']",1
414,"['F', 'R', 'E']",1
434,"['F', 'V', 'C']",1
435,"['F', 'V', 'L']",1
436,"['F', 'W', 'L']",1
437,"['F', 'Y', 'G']",1
440,"['G', 'A', 'D']",1
441,"['G', 'A', 'F']",1
455,"['G', 'D', 'T']",1
456,"['G', 'E', 'D']",1
458,"['G', 'E', 'W']",1
461,"['G', 'F', 'R']",1
470,"['G', 'G', 'Y']",1
471,"['G', 'H', 'W']",1
472,"['G', 'I', 'A']",1
474,"['G', 'L', 'M']",1
479,"['G', 'N', 'S']",1
487,"['G', 'P', 'Y']",1
494,"['G', 'R', 'Q']",1
503,"['G', 'S', 'L']",1
505,"['G', 'S', 'Q']",1
518,"['G', 'V', 'E']",1
522,"['G', 'V', 'P']",1
527,"['G', 'W', 'A']",1
528,"['G', 'W', 'K']",1
530,"['G', 'W', 'M']",1
531,"['G', 'Y', 'V']",1
541,"['H', 'C', 'D']",1
547,"['H', 'C', 'V']",1
548,"['H', 'F', 'M']",1
551,"['H', 'G', 'E']",1
557,"['H', 'H', 'G']",1
569,"['H', 'Q', 'L']",1
572,"['H', 'R', 'E']",1
592,"['H', 'W', 'T']",1
607,"['I', 'D', 'P']",1
608,"['I', 'F', 'E']",1
617,"['I', 'I', 'P']",1
619,"['I', 'L', 'G']",1
622,"['I', 'N', 'T']",1
623,"['I', 'N', 'V']",1
633,"['I', 'Q', 'Q']",1
637,"['I', 'R', 'M']",1
643,"['I', 'R', 'V']",1
646,"['I', 'S', 'E']",1
647,"['I', 'S', 'F']",1
661,"['I', 'V', 'L']",1
666,"['K', 'A', 'H']",1
679,"['K', 'D', 'L']",1
687,"['K', 'H', 'T']",1
688,"['K', 'I', 'G']",1
719,"['K', 'Y', 'V']",1
728,"['L', 'A', 'Y']",1
738,"['L', 'E', 'S']",1
739,"['L', 'F', 'Y']",1
751,"['L', 'G', 'W']",1
756,"['L', 'I', 'L']",1
757,"['L', 'I', 'W']",1
759,"['L', 'K', 'R']",1
761,"['L', 'L', 'F']",1
763,"['L', 'L', 'L']",1
764,"['L', 'L', 'P']",1
765,"['L', 'L', 'Q']",1
768,"['L', 'L', 'W']",1
770,"['L', 'M', 'M']",1
772,"['L', 'N', 'L']",1
774,"['L', 'N', 'Y']",1
777,"['L', 'P', 'D']",1
778,"['L', 'P', 'E']",1
786,"['L', 'Q', 'A']",1
790,"['L', 'R', 'D']",1
792,"['L', 'R', 'K']",1
794,"['L', 'R', 'N']",1
802,"['L', 'S', 'F']",1
804,"['L', 'S', 'N']",1
810,"['L', 'S', 'W']",1
814,"['L', 'T', 'D']",1
815,"['L', 'T', 'E']",1
818,"['L', 'T', 'L']",1
820,"['L', 'T', 'Q']",1
827,"['L', 'V', 'V']",1
847,"['M', 'D', 'S']",1
850,"['M', 'F', 'K']",1
858,"['M', 'K', 'Q']",1
860,"['M', 'L', 'R']",1
865,"['M', 'P', 'K']",1
866,"['M', 'P', 'L']",1
899,"['M', 'V', 'C']",1
900,"['M', 'V', 'R']",1
925,"['N', 'L', 'L']",1
927,"['N', 'N', 'Y']",1
931,"['N', 'P', 'K']",1
939,"['N', 'R', 'N']",1
951,"['N', 'S', 'W']",1
959,"['N', 'V', 'S']",1
975,"['P', 'D', 'Y']",1
976,"['P', 'E', 'K']",1
982,"['P', 'G', 'H']",1
988,"['P', 'K', 'S']",1
990,"['P', 'L', 'T']",1
991,"['P', 'L', 'Y']",1
992,"['P', 'M', 'W']",1
993,"['P', 'M', 'Y']",1
1025,"['P', 'V', 'M']",1
1026,"['P', 'W', 'S']",1
1031,"['Q', 'A', 'K']",1
1043,"['Q', 'E', 'G']",1
1045,"['Q', 'E', 'R']",1
1055,"['Q', 'K', 'D']",1
1057,"['Q', 'M', 'G']",1
1060,"['Q', 'M', 'T']",1
1064,"['Q', 'P', 'E']",1
1070,"['Q', 'Q', 'I']",1
1082,"['Q', 'S', 'E']",1
1097,"['Q', 'V', 'G']",1
1099,"['Q', 'V', 'M']",1
1100,"['Q', 'V', 'T']",1
1101,"['Q', 'W', 'R']",1
1118,"['R', 'C', 'Y']",1
1119,"['R', 'D', 'E']",1
1120,"['R', 'E', 'L']",1
1121,"['R', 'E', 'M']",1
1129,"['R', 'K', 'Q']",1
1131,"['R', 'L', 'Q']",1
1133,"['R', 'M', 'T']",1
1134,"['R', 'N', 'I']",1
1140,"['R', 'P', 'H']",1
1146,"['R', 'Q', 'V']",1
1154,"['R', 'R', 'W']",1
1170,"['R', 'V', 'I']",1
1172,"['R', 'V', 'Q']",1
1173,"['R', 'V', 'S']",1
1175,"['R', 'W', 'C']",1
1178,"['R', 'Y', 'G']",1
1187,"['S', 'A', 'Y']",1
1197,"['S', 'D', 'R']",1
1199,"['S', 'F', 'Q']",1
1200,"['S', 'F', 'R']",1
1204,"['S', 'G', 'D']",1
1207,"['S', 'G', 'M']",1
1212,"['S', 'K', 'E']",1
1213,"['S', 'K', 'L']",1
1214,"['S', 'K', 'T']",1
1217,"['S', 'L', 'P']",1
1218,"['S', 'L', 'Q']",1
1219,"['S', 'L', 'S']",1
1234,"['S', 'P', 'Y']",1
1236,"['S', 'Q', 'N']",1
1237,"['S', 'Q', 'P']",1
1241,"['S', 'R', 'D']",1
1242,"['S', 'R', 'F']",1
1245,"['S', 'R', 'I']",1
1255,"['S', 'S', 'L']",1
1262,"['S', 'S', 'V']",1
1267,"['S', 'T', 'L']",1
1272,"['S', 'V', 'G']",1
1274,"['S', 'V', 'P']",1
1276,"['S', 'V', 'S']",1
1277,"['S', 'W', 'L']",1
1283,"['T', 'A', 'D']",1
1300,"['T', 'F', 'T']",1
1305,"['T', 'G', 'L']",1
1310,"['T', 'G', 'W']",1
1311,"['T', 'H', 'R']",1
1318,"['T', 'M', 'A']",1
1319,"['T', 'M', 'L']",1
1320,"['T', 'N', 'V']",1
1328,"['T', 'Q', 'M']",1
1329,"['T', 'Q', 'R']",1
1335,"['T', 'R', 'M']",1
1344,"['T', 'S', 'L']",1
1351,"['T', 'T', 'F']",1
1359,"['T', 'V', 'L']",1
1361,"['T', 'W', 'L']",1
1367,"['V', 'A', 'L']",1
1375,"['V', 'C', 'N']",1
1382,"['V', 'E', 'S']",1
1383,"['V', 'F', 'P']",1
1384,"['V', 'F', 'S']",1
1390,"['V', 'G', 'L']",1
1396,"['V', 'H', 'K']",1
1401,"['V', 'K', 'A']",1
1406,"['V', 'L', 'R']",1
1408,"['V', 'M', 'M']",1
1409,"['V', 'M', 'N']",1
1410,"['V', 'M', 'R']",1
1411,"['V', 'M', 'S']",1
1412,"['V', 'N', 'C']",1
1419,"['V', 'P', 'Q']",1
1451,"['V', 'V', 'N']",1
1452,"['V', 'V', 'P']",1
1455,"['V', 'W', 'D']",1
1456,"['V', 'W', 'L']",1
1457,"['V', 'W', 'Q']",1
1458,"['V', 'W', 'T']",1
1462,"['W', 'A', 'H']",1
1479,"['W', 'G', 'D']",1
1482,"['W', 'G', 'Q']",1
1486,"['W', 'H', 'R']",1
1488,"['W', 'L', 'S']",1
1489,"['W', 'N', 'K']",1
1500,"['W', 'R', 'D']",1
1520,"['W', 'W', 'E']",1
1522,"['W', 'Y', 'L']",1
1527,"['Y', 'A', 'H']",1
1541,"['Y', 'E', 'S']",1
1542,"['Y', 'F', 'D']",1
1551,"['Y', 'I', 'S']",1
1552,"['Y', 'L', 'A']",1